Cluster,Cluster_Label,Sentiment
0,Moderate Hits,-0.11782749108204518
1,Low Performers,-0.16707902621722848
2,Popular Films,-0.09018333333333334
3,Blockbusters,-0.05209384615384615
